{
  "cumulative_variance": [
    0.37694277412326715,
    0.6617500536603553,
    0.8042359052162432,
    0.9120515406260163,
    0.9955457752604528,
    0.9998986752282468,
    0.9999826312849642,
    1.0
  ],
  "explained_variance_ratios": [
    0.37694277412326715,
    0.2848072795370881,
    0.1424858515558879,
    0.10781563540977317,
    0.08349423463443648,
    0.004352899967793966,
    8.395605671744439e-05,
    1.736871503571754e-05
  ],
  "feature_columns": [
    "u",
    "g",
    "r",
    "i",
    "z",
    "alpha",
    "delta",
    "redshift"
  ],
  "loadings": {
    "PC1": {
      "u": 0.5703378337739491,
      "g": 0.5710674042807097,
      "r": 0.09795782752571315,
      "i": 0.09720075898675595,
      "z": 0.5708176656646433,
      "alpha": -0.004391906122805853,
      "delta": 0.0037018894019876882,
      "redshift": 0.060722741650926
    },
    "PC2": {
      "u": -0.09022463150175297,
      "g": -0.08493952549764283,
      "r": 0.6168814231169719,
      "i": 0.6292023639840025,
      "z": -0.08567788115818224,
      "alpha": -0.023425902037168274,
      "delta": 0.0009395658749710101,
      "redshift": 0.4475669032208339
    },
    "PC3": {
      "u": -0.0011886076267843256,
      "g": -0.0006615307237900097,
      "r": -0.01689700515335314,
      "i": -0.01174045841097311,
      "z": -0.0003781602709193222,
      "alpha": 0.7020999588000069,
      "delta": 0.7078575525429571,
      "redshift": 0.07461898282536282
    },
    "PC4": {
      "u": 0.002753192448822624,
      "g": 0.001390203728481547,
      "r": 0.03034181584646542,
      "i": 0.023921323926001263,
      "z": 0.0004094185663757483,
      "alpha": 0.7114466074551066,
      "delta": -0.700754183524791,
      "redshift": -0.03584359255515725
    },
    "PC5": {
      "u": -0.00019367151585891697,
      "g": 0.0018864564123658,
      "r": -0.35972285081766014,
      "i": -0.2764003670658678,
      "z": 0.013239160306116077,
      "alpha": -0.01806913985669279,
      "delta": -0.08868807826628346,
      "redshift": 0.8864713007490316
    }
  },
  "n_components": 5,
  "variance_threshold": 0.95
}