{
  "cumulative_variance": [
    0.37694277412326666,
    0.6617500536603556,
    0.8042359052162434,
    0.9120515406260166,
    0.995545775260453,
    0.9998986752282469,
    0.9999826312849643,
    1.0
  ],
  "explained_variance_ratios": [
    0.37694277412326666,
    0.28480727953708884,
    0.14248585155588792,
    0.10781563540977308,
    0.08349423463443642,
    0.004352899967793975,
    8.395605671744421e-05,
    1.736871503571739e-05
  ],
  "feature_columns": [
    "u",
    "g",
    "r",
    "i",
    "z",
    "alpha",
    "delta",
    "redshift"
  ],
  "loadings": {
    "PC1": {
      "u": 0.5703378337739492,
      "g": 0.5710674042807092,
      "r": 0.09795782752571354,
      "i": 0.0972007589867564,
      "z": 0.5708176656646429,
      "alpha": -0.004391906122805863,
      "delta": 0.0037018894019876895,
      "redshift": 0.0607227416509263
    },
    "PC2": {
      "u": -0.09022463150175346,
      "g": -0.08493952549764318,
      "r": 0.6168814231169716,
      "i": 0.6292023639840024,
      "z": -0.08567788115818262,
      "alpha": -0.023425902037168263,
      "delta": 0.0009395658749709777,
      "redshift": 0.4475669032208339
    },
    "PC3": {
      "u": -0.0011886076267843505,
      "g": -0.0006615307237899719,
      "r": -0.016897005153353212,
      "i": -0.011740458410972814,
      "z": -0.0003781602709193423,
      "alpha": 0.7020999588000075,
      "delta": 0.7078575525429561,
      "redshift": 0.07461898282536258
    },
    "PC4": {
      "u": 0.002753192448822682,
      "g": 0.0013902037284815503,
      "r": 0.030341815846465635,
      "i": 0.02392132392600131,
      "z": 0.0004094185663757099,
      "alpha": 0.7114466074551057,
      "delta": -0.7007541835247918,
      "redshift": -0.035843592555157636
    },
    "PC5": {
      "u": -0.00019367151585885338,
      "g": 0.0018864564123658124,
      "r": -0.35972285081766,
      "i": -0.27640036706586774,
      "z": 0.013239160306115964,
      "alpha": -0.018069139856692562,
      "delta": -0.08868807826628348,
      "redshift": 0.8864713007490309
    }
  },
  "n_components": 5,
  "variance_threshold": 0.95
}