{
  "cumulative_variance": [
    0.3769427741232665,
    0.6617500536603552,
    0.8042359052162432,
    0.9120515406260165,
    0.9955457752604528,
    0.9998986752282468,
    0.9999826312849642,
    1.0
  ],
  "explained_variance_ratios": [
    0.3769427741232665,
    0.28480727953708873,
    0.142485851555888,
    0.10781563540977322,
    0.08349423463443638,
    0.004352899967793963,
    8.395605671744395e-05,
    1.7368715035717685e-05
  ],
  "feature_columns": [
    "u",
    "g",
    "r",
    "i",
    "z",
    "alpha",
    "delta",
    "redshift"
  ],
  "loadings": {
    "PC1": {
      "u": 0.5703378337739492,
      "g": 0.5710674042807091,
      "r": 0.09795782752571353,
      "i": 0.09720075898675636,
      "z": 0.5708176656646428,
      "alpha": -0.004391906122805864,
      "delta": 0.003701889401987688,
      "redshift": 0.06072274165092628
    },
    "PC2": {
      "u": -0.0902246315017534,
      "g": -0.08493952549764318,
      "r": 0.6168814231169716,
      "i": 0.6292023639840022,
      "z": -0.08567788115818259,
      "alpha": -0.023425902037168267,
      "delta": 0.0009395658749709461,
      "redshift": 0.44756690322083376
    },
    "PC3": {
      "u": -0.0011886076267843056,
      "g": -0.0006615307237899537,
      "r": -0.016897005153353,
      "i": -0.011740458410973218,
      "z": -0.00037816027091940117,
      "alpha": 0.7020999588000068,
      "delta": 0.7078575525429575,
      "redshift": 0.07461898282536283
    },
    "PC4": {
      "u": 0.0027531924488226086,
      "g": 0.001390203728481287,
      "r": 0.030341815846465562,
      "i": 0.0239213239260015,
      "z": 0.0004094185663760301,
      "alpha": 0.7114466074551069,
      "delta": -0.7007541835247915,
      "redshift": -0.03584359255515772
    },
    "PC5": {
      "u": -0.00019367151585893648,
      "g": 0.001886456412365539,
      "r": -0.35972285081766003,
      "i": -0.27640036706586774,
      "z": 0.01323916030611637,
      "alpha": -0.018069139856692507,
      "delta": -0.08868807826628367,
      "redshift": 0.886471300749031
    }
  },
  "n_components": 5,
  "variance_threshold": 0.95
}