{
  "means": {
    "u": 21.910209065151086,
    "g": 20.46088652510875,
    "r": 19.643653034217238,
    "i": 19.083390672561208,
    "z": 18.60042673966233,
    "alpha": 177.4848369996846,
    "delta": 24.163195924894,
    "redshift": 0.5762669521131544
  },
  "stds": {
    "u": 40.97264585206335,
    "g": 40.95550508350874,
    "r": 1.8523633845343832,
    "i": 1.7551065658996297,
    "z": 40.93537195852741,
    "alpha": 96.35983018016962,
    "delta": 19.670142161926183,
    "redshift": 0.729335875930631
  }
}